Id,Predicted
0,206643.0
1,25927.0
2,143570.0
3,90224.0
4,159363.0
5,174709.0
6,72711.0
7,27943.0
8,176680.0
9,96409.0
10,357045.0
11,245531.0
12,39481.0
13,38804.0
14,196446.0
15,708927.0
16,32710.0
17,55765.0
18,37770.0
19,28872.0
20,82611.0
21,134194.0
22,100359.0
23,136758.0
24,61424.0
25,21108.0
26,46962.0
27,232346.0
28,91200.0
29,65474.0
30,126887.0
31,36347.0
32,91064.0
33,93919.0
34,53199.0
35,152957.0
36,38655.0
37,157657.0
38,81429.0
39,107586.0
40,58099.0
41,47095.0
42,26501.0
43,198012.0
44,57599.0
45,82011.0
46,93632.0
47,160079.0
48,66402.0
49,76175.0
50,35511.0
51,31639.0
52,33205.0
53,160643.0
54,138883.0
55,104421.0
56,38658.0
57,183871.0
58,734016.0
59,115007.0
60,106435.0
61,47697.0
62,85373.0
63,124074.0
64,124123.0
65,151716.0
66,84850.0
67,109965.0
68,69220.0
69,64025.0
70,113952.0
71,22153.0
72,43948.0
73,145211.0
74,148775.0
75,88418.0
76,72862.0
77,31303.0
78,288628.0
79,108292.0
80,103460.0
81,154884.0
82,58870.0
83,151399.0
84,39831.0
85,83046.0
86,101375.0
87,88656.0
88,36514.0
89,60829.0
90,30767.0
91,135495.0
92,79019.0
93,39413.0
94,159429.0
95,31063.0
96,126095.0
97,63856.0
98,137148.0
99,56419.0
100,27658.0
101,49895.0
102,201455.0
103,64703.0
104,61320.0
105,43533.0
106,53993.0
107,31973.0
108,247360.0
109,50584.0
110,60377.0
111,54471.0
112,67288.0
113,146521.0
114,115680.0
115,85224.0
116,121216.0
117,52929.0
118,136195.0
119,197887.0
120,107754.0
121,164444.0
122,57854.0
123,173761.0
124,76341.0
125,70311.0
126,118031.0
127,37335.0
128,93922.0
129,94875.0
130,146448.0
131,115087.0
132,83946.0
133,171073.0
134,85604.0
135,147265.0
136,39679.0
137,94454.0
138,109697.0
139,75080.0
140,122084.0
141,137446.0
142,45084.0
143,141309.0
144,230413.0
145,32250.0
146,45598.0
147,198450.0
148,192501.0
149,194164.0
150,41940.0
151,112637.0
152,41421.0
153,44117.0
154,71457.0
155,59894.0
156,53740.0
157,129985.0
158,235933.0
159,35416.0
160,153762.0
161,162213.0
162,249567.0
163,45356.0
164,571202.0
165,129996.0
166,197559.0
167,213139.0
168,177254.0
169,157078.0
170,33348.0
171,53971.0
172,89123.0
173,82098.0
174,147180.0
175,32157.0
176,91939.0
177,40469.0
178,55071.0
179,113720.0
180,125423.0
181,149080.0
182,131027.0
183,77455.0
184,197803.0
185,47948.0
186,116692.0
187,40670.0
188,203725.0
189,111793.0
190,193831.0
191,112391.0
192,96312.0
193,111098.0
194,244900.0
195,156836.0
196,140946.0
197,183538.0
198,150351.0
199,30659.0
200,42288.0
201,43183.0
202,94432.0
203,122465.0
204,200246.0
205,47762.0
206,261779.0
207,97000.0
208,49324.0
209,140829.0
210,86226.0
211,125508.0
212,46438.0
213,108844.0
214,47914.0
215,83698.0
216,106233.0
217,105085.0
218,32708.0
219,22161.0
220,49974.0
221,25054.0
222,751975.0
223,181688.0
224,271570.0
225,93440.0
226,106042.0
227,123666.0
228,93029.0
229,153585.0
230,194691.0
231,112962.0
232,119474.0
233,241618.0
234,27558.0
235,39881.0
236,120716.0
237,28442.0
238,214757.0
239,126993.0
240,70465.0
241,38012.0
242,32940.0
243,66327.0
244,70262.0
245,142067.0
246,95157.0
247,44532.0
248,259862.0
249,171810.0
250,136510.0
251,57547.0
252,301356.0
253,362273.0
254,104704.0
255,49688.0
256,62676.0
257,53108.0
258,43027.0
259,90942.0
260,84617.0
261,86271.0
262,180142.0
263,150852.0
264,122105.0
265,40551.0
266,171167.0
267,94787.0
268,48089.0
269,104319.0
270,85898.0
271,112461.0
272,85858.0
273,116010.0
274,37087.0
275,81525.0
276,119037.0
277,31063.0
278,118644.0
279,87886.0
280,70703.0
281,54271.0
282,130697.0
283,139166.0
284,136573.0
285,215189.0
286,150958.0
287,361349.0
288,136466.0
289,169018.0
290,593338.0
291,91120.0
292,174426.0
293,31920.0
294,30647.0
295,105534.0
296,30768.0
297,94941.0
298,105720.0
299,32782.0
300,205013.0
301,117697.0
302,48044.0
303,26533.0
304,32401.0
305,225022.0
306,36153.0
307,34650.0
308,267782.0
309,63478.0
310,128956.0
311,85822.0
312,78915.0
313,46406.0
314,171663.0
315,64677.0
316,173360.0
317,55090.0
318,43234.0
319,100239.0
320,105535.0
321,42716.0
322,121462.0
323,98754.0
324,337723.0
325,34656.0
326,66472.0
327,82129.0
328,44100.0
329,169660.0
330,75345.0
331,113790.0
332,42329.0
333,66300.0
334,42444.0
335,54554.0
336,73307.0
337,213370.0
338,95570.0
339,178853.0
340,122408.0
341,31995.0
342,37777.0
343,26189.0
344,90624.0
345,321276.0
346,65256.0
347,70546.0
348,556661.0
349,38451.0
350,58435.0
351,73468.0
352,80148.0
353,150221.0
354,109602.0
355,151497.0
356,90126.0
357,36079.0
358,154182.0
359,80717.0
360,213233.0
361,114560.0
362,162225.0
363,99508.0
364,182702.0
365,30380.0
366,87537.0
367,48031.0
368,154841.0
369,154442.0
370,163638.0
371,148789.0
372,28039.0
373,161238.0
374,121055.0
375,27825.0
376,41082.0
377,22816.0
378,781908.0
379,36250.0
380,88560.0
381,48835.0
382,140872.0
383,702938.0
384,54509.0
385,33496.0
386,142857.0
387,184639.0
388,282753.0
389,124091.0
390,47561.0
391,151999.0
392,334057.0
393,87253.0
394,122620.0
395,14478.0
396,254399.0
397,91496.0
398,39646.0
399,72436.0
400,113017.0
401,67132.0
402,80489.0
403,112240.0
404,150259.0
405,123695.0
406,260002.0
407,185293.0
408,64328.0
409,48045.0
410,43076.0
411,139632.0
412,126614.0
413,108029.0
414,49984.0
415,45546.0
416,193515.0
417,44856.0
418,54530.0
419,164045.0
420,33251.0
421,36756.0
422,286790.0
423,180632.0
424,205548.0
425,75585.0
426,42039.0
427,155709.0
428,856887.0
429,44556.0
430,36291.0
431,182566.0
432,167490.0
433,46797.0
434,76699.0
435,215433.0
436,416637.0
437,167021.0
438,71706.0
439,140586.0
440,108832.0
441,31186.0
442,68654.0
443,690187.0
444,60724.0
445,20454.0
446,139181.0
447,196089.0
448,103945.0
449,69559.0
450,71967.0
451,146198.0
452,22005.0
453,95208.0
454,96430.0
455,35887.0
456,47697.0
457,84713.0
458,147851.0
459,192382.0
460,45805.0
461,50144.0
462,116795.0
463,138050.0
464,59893.0
465,171747.0
466,57373.0
467,370656.0
468,222567.0
469,156726.0
470,81550.0
471,207345.0
472,398918.0
473,94360.0
474,100267.0
475,87726.0
476,21995.0
477,29497.0
478,262712.0
479,126879.0
480,175068.0
481,163500.0
482,31815.0
483,25351.0
484,25969.0
485,25863.0
486,165266.0
487,167243.0
488,43506.0
489,107460.0
490,101523.0
491,63966.0
492,112275.0
493,173924.0
494,86285.0
495,34134.0
496,234693.0
497,26238.0
498,196721.0
499,444423.0
500,129414.0
501,42459.0
502,95051.0
503,38853.0
504,48443.0
505,140581.0
506,92321.0
507,139577.0
508,132130.0
509,45211.0
510,338851.0
511,45540.0
512,48425.0
513,43735.0
514,50317.0
515,122448.0
516,111604.0
517,100348.0
518,534832.0
519,72643.0
520,40510.0
521,248023.0
522,151317.0
523,73345.0
524,29750.0
525,31624.0
526,96996.0
527,295028.0
528,38121.0
529,116335.0
530,48365.0
531,100431.0
532,760468.0
533,87707.0
534,134153.0
535,63530.0
536,41605.0
537,43501.0
538,176816.0
539,191440.0
540,228354.0
541,264162.0
542,93408.0
543,202593.0
544,125095.0
545,31741.0
546,120975.0
547,106025.0
548,61644.0
549,39101.0
550,241995.0
551,68048.0
552,71327.0
553,79385.0
554,142231.0
555,223777.0
556,89264.0
557,59674.0
558,48243.0
559,72775.0
560,101749.0
561,85504.0
562,127360.0
563,71453.0
564,47157.0
565,194739.0
566,150055.0
567,46450.0
568,764563.0
569,38655.0
570,44144.0
571,65828.0
572,45092.0
573,176116.0
574,30164.0
575,55025.0
576,64860.0
577,212333.0
578,318914.0
579,104923.0
580,175546.0
581,101821.0
582,203046.0
583,261578.0
584,32577.0
585,93232.0
586,148947.0
587,124783.0
588,266493.0
589,115299.0
590,34608.0
591,41603.0
592,182592.0
593,41768.0
594,137635.0
595,96005.0
596,54692.0
597,35067.0
598,118197.0
599,204086.0
600,104391.0
601,51666.0
602,65324.0
603,47625.0
604,122230.0
605,70784.0
606,225887.0
607,59920.0
608,141165.0
609,169170.0
610,127632.0
611,50768.0
612,102034.0
613,47610.0
614,197612.0
615,72998.0
616,73162.0
617,258394.0
618,39277.0
619,37748.0
620,104325.0
621,63413.0
622,126482.0
623,36663.0
624,575441.0
625,217230.0
626,241511.0
627,81805.0
628,55955.0
629,118559.0
630,227486.0
631,14938.0
632,130142.0
633,20813.0
634,99018.0
635,124974.0
636,107069.0
637,187110.0
638,135300.0
639,48242.0
640,277135.0
641,242758.0
642,78850.0
643,407468.0
644,130704.0
645,111892.0
646,222117.0
647,59326.0
648,47847.0
649,24199.0
650,49251.0
651,37998.0
652,92968.0
653,44608.0
654,20021.0
655,344604.0
656,89843.0
657,134606.0
658,42461.0
659,113893.0
660,78388.0
661,48497.0
662,111114.0
663,124460.0
664,42551.0
665,188786.0
666,183304.0
667,125785.0
668,62328.0
669,48607.0
670,56841.0
671,101317.0
672,122902.0
673,119927.0
674,37796.0
675,156662.0
676,68940.0
677,65591.0
678,138142.0
679,91542.0
680,40781.0
681,159658.0
682,64147.0
683,150523.0
684,124896.0
685,152689.0
686,278304.0
687,126808.0
688,26003.0
689,52834.0
690,125004.0
691,170132.0
692,159414.0
693,37664.0
694,49372.0
695,2053727.0
696,203376.0
697,29362.0
698,141612.0
699,60157.0
700,106261.0
701,108401.0
702,81413.0
703,346501.0
704,92198.0
705,30527.0
706,117242.0
707,87671.0
708,151084.0
709,82740.0
710,207497.0
711,120612.0
712,108424.0
713,173818.0
714,87371.0
715,260857.0
716,109418.0
717,173107.0
718,121734.0
719,79108.0
720,127305.0
721,29274.0
722,151528.0
723,98152.0
724,35781.0
725,165471.0
726,39451.0
727,28681.0
728,30443.0
729,49462.0
730,457614.0
731,234646.0
732,152645.0
733,158692.0
734,429114.0
735,184902.0
736,37491.0
737,56028.0
738,50304.0
739,88944.0
740,157873.0
741,99312.0
742,213444.0
743,93375.0
744,89930.0
745,91734.0
746,56060.0
747,81454.0
748,69284.0
749,82426.0
750,167558.0
751,76982.0
752,154710.0
753,133740.0
754,67845.0
755,38761.0
756,166627.0
757,166475.0
758,27591.0
759,214069.0
760,194075.0
761,72717.0
762,136539.0
763,57313.0
764,57867.0
765,112316.0
766,103366.0
767,273927.0
768,30883.0
769,93557.0
770,62701.0
771,60820.0
772,70878.0
773,157498.0
774,45296.0
775,56699.0
776,27242.0
777,127836.0
778,127463.0
779,46178.0
780,110652.0
781,80046.0
782,109030.0
783,124659.0
784,35063.0
785,72986.0
786,244508.0
787,154996.0
788,96734.0
789,170104.0
790,75148.0
791,383157.0
792,45402.0
793,29491.0
794,440507.0
795,104593.0
796,91528.0
797,325673.0
798,100314.0
799,183564.0
800,188209.0
801,56812.0
802,41864.0
803,65773.0
804,53021.0
805,261566.0
806,68435.0
807,1703449.0
808,155429.0
809,575291.0
810,182288.0
811,106567.0
812,223161.0
813,55184.0
814,41305.0
815,44229.0
816,38580.0
817,102904.0
818,253761.0
819,42619.0
820,120971.0
821,179447.0
822,271258.0
823,200279.0
824,109014.0
825,552315.0
826,127917.0
827,120680.0
828,96924.0
829,119127.0
830,44870.0
831,261201.0
832,91939.0
833,43186.0
834,94903.0
835,232434.0
836,135283.0
837,116627.0
838,44276.0
839,31356.0
840,166919.0
841,93055.0
842,99339.0
843,151175.0
844,54897.0
845,19571.0
846,118239.0
847,15489.0
848,37455.0
849,187182.0
850,77953.0
851,141743.0
852,49005.0
853,87231.0
854,78778.0
855,147795.0
856,62896.0
857,88643.0
858,415298.0
859,54146.0
860,138014.0
861,167470.0
862,119509.0
863,248653.0
864,68570.0
865,145944.0
866,51422.0
867,69675.0
868,124718.0
869,108864.0
870,108026.0
871,168106.0
872,203391.0
873,101342.0
874,95615.0
875,40063.0
876,82741.0
877,69549.0
878,67156.0
879,323778.0
880,86398.0
881,44376.0
882,29125.0
883,51737.0
884,67283.0
885,192938.0
886,231335.0
887,145120.0
888,24086.0
889,50619.0
890,61827.0
891,49049.0
892,82734.0
893,123792.0
894,108748.0
895,39847.0
896,2378182.0
897,202394.0
898,199718.0
899,88087.0
900,27992.0
901,83314.0
902,119018.0
903,189557.0
904,28815.0
905,50504.0
906,56344.0
907,115851.0
908,35788.0
909,67728.0
910,49376.0
911,57707.0
912,108265.0
913,25408.0
914,879055.0
915,143082.0
916,191508.0
917,131472.0
918,83403.0
919,40458.0
920,111498.0
921,148307.0
922,86708.0
923,190866.0
924,884516.0
925,109630.0
926,230085.0
927,39346.0
928,57096.0
929,263999.0
930,130634.0
931,58538.0
932,136779.0
933,406644.0
934,53154.0
935,156511.0
936,107395.0
937,38193.0
938,213351.0
939,55507.0
940,109789.0
941,97404.0
942,205340.0
943,75866.0
944,109047.0
945,45147.0
946,46238.0
947,67786.0
948,157379.0
949,220248.0
950,99833.0
951,70017.0
952,114646.0
953,49571.0
954,168215.0
955,83219.0
956,37310.0
957,61127.0
958,98707.0
959,46116.0
960,330328.0
961,150452.0
962,202923.0
963,54279.0
964,32546.0
965,67350.0
966,309043.0
967,61966.0
968,49927.0
969,148772.0
970,101530.0
971,130381.0
972,121101.0
973,54559.0
974,52143.0
975,335251.0
976,246441.0
977,491330.0
978,29184.0
979,27130.0
980,168592.0
981,201503.0
982,53523.0
983,50987.0
984,156952.0
985,52443.0
986,99042.0
987,66724.0
988,97053.0
989,80794.0
990,34617.0
991,65842.0
992,139138.0
993,82380.0
994,47146.0
995,38692.0
996,194724.0
997,139409.0
998,63362.0
999,61455.0
1000,87583.0
1001,684213.0
1002,255878.0
1003,143094.0
1004,60378.0
1005,119908.0
1006,20761.0
1007,36202.0
1008,108380.0
1009,812801.0
1010,34214.0
1011,52859.0
1012,91625.0
1013,67622.0
1014,407284.0
1015,40034.0
1016,118245.0
1017,55288.0
1018,171908.0
1019,104294.0
1020,60427.0
1021,201640.0
1022,35429.0
1023,28300.0
1024,177986.0
1025,145805.0
1026,72865.0
1027,75344.0
1028,305176.0
1029,79128.0
1030,136214.0
1031,74666.0
1032,100928.0
1033,92135.0
1034,44001.0
1035,559636.0
1036,198085.0
1037,55722.0
1038,25668.0
1039,57317.0
1040,18106.0
1041,404776.0
1042,246418.0
1043,79506.0
1044,102622.0
1045,82441.0
1046,58794.0
1047,117840.0
1048,117863.0
1049,26316.0
1050,76307.0
1051,144085.0
1052,1893088.0
1053,221718.0
1054,204506.0
1055,24093.0
1056,37580.0
1057,26156.0
1058,173786.0
1059,30044.0
1060,48329.0
1061,144468.0
1062,72815.0
1063,96193.0
1064,178211.0
1065,47945.0
1066,174329.0
1067,45728.0
1068,82125.0
1069,334268.0
1070,50146.0
1071,78225.0
1072,116719.0
1073,131129.0
1074,61677.0
1075,83704.0
1076,70377.0
1077,287171.0
1078,63991.0
1079,137043.0
1080,38840.0
1081,76956.0
1082,52819.0
1083,2193529.0
1084,141953.0
1085,57417.0
1086,116563.0
1087,147048.0
1088,166383.0
1089,75474.0
1090,38757.0
1091,50824.0
1092,68810.0
1093,193396.0
1094,141548.0
1095,34578.0
1096,56287.0
1097,68548.0
1098,39347.0
1099,109432.0
1100,821157.0
1101,83458.0
1102,77464.0
1103,44529.0
1104,89201.0
1105,76980.0
1106,16744.0
1107,195834.0
1108,143752.0
1109,45651.0
1110,100803.0
1111,38150.0
1112,147023.0
1113,211701.0
1114,34173.0
1115,163791.0
1116,84309.0
1117,297378.0
1118,239918.0
1119,69998.0
1120,172907.0
1121,164940.0
1122,67509.0
1123,76655.0
1124,72079.0
1125,911937.0
1126,243479.0
1127,166891.0
1128,68206.0
1129,36187.0
1130,31096.0
1131,147978.0
1132,51978.0
1133,32762.0
1134,153584.0
1135,65622.0
1136,67373.0
1137,158494.0
1138,74799.0
1139,150170.0
1140,159499.0
1141,94996.0
1142,108901.0
1143,128582.0
1144,41655.0
1145,180045.0
1146,115279.0
1147,83005.0
1148,108920.0
1149,17288.0
1150,114340.0
1151,76443.0
1152,353765.0
1153,196900.0
1154,58253.0
1155,146143.0
1156,120245.0
1157,726739.0
1158,48186.0
1159,168910.0
1160,29065.0
1161,90700.0
1162,56996.0
1163,26223.0
1164,83927.0
1165,85502.0
1166,67217.0
1167,167326.0
1168,235269.0
1169,130095.0
1170,75871.0
1171,308790.0
1172,34557.0
1173,224841.0
1174,51927.0
1175,107184.0
1176,30204.0
1177,70449.0
1178,43766.0
1179,84330.0
1180,62939.0
1181,75969.0
1182,227038.0
1183,90108.0
1184,122702.0
1185,166356.0
1186,21666.0
1187,47843.0
1188,113880.0
1189,48366.0
1190,92449.0
1191,77931.0
1192,129241.0
1193,156732.0
1194,33620.0
1195,241520.0
1196,27763.0
1197,50670.0
1198,197427.0
1199,105209.0
1200,184861.0
1201,194854.0
1202,433942.0
1203,76345.0
1204,155378.0
1205,36483.0
1206,69937.0
1207,47528.0
1208,79947.0
1209,55651.0
1210,74045.0
1211,47964.0
1212,62773.0
1213,119516.0
1214,109331.0
1215,127192.0
1216,21202.0
1217,70789.0
1218,165377.0
1219,72654.0
1220,121110.0
1221,56446.0
1222,134836.0
1223,47227.0
1224,63253.0
1225,77911.0
1226,55870.0
1227,98196.0
1228,43309.0
1229,179670.0
1230,154534.0
1231,60584.0
1232,96292.0
1233,115701.0
1234,134310.0
1235,36384.0
1236,74772.0
1237,146417.0
1238,109362.0
1239,35045.0
1240,492162.0
1241,74613.0
1242,137796.0
1243,106063.0
1244,87535.0
1245,89306.0
1246,48421.0
1247,134600.0
1248,31242.0
1249,1682053.0
1250,90740.0
1251,140719.0
1252,85722.0
1253,118888.0
1254,133199.0
1255,10226.0
1256,93753.0
1257,100597.0
1258,114100.0
1259,47073.0
1260,54455.0
1261,99168.0
1262,48659.0
1263,105628.0
1264,158507.0
1265,59690.0
1266,51164.0
1267,88656.0
1268,251247.0
1269,88584.0
1270,230680.0
1271,92659.0
1272,105847.0
1273,146447.0
1274,109692.0
1275,143980.0
1276,37951.0
1277,69222.0
1278,160020.0
1279,157148.0
1280,84195.0
1281,58346.0
1282,114244.0
1283,61112.0
1284,105970.0
1285,66110.0
1286,175328.0
1287,80752.0
1288,89969.0
1289,87589.0
1290,242541.0
1291,61284.0
1292,182774.0
1293,208701.0
1294,109903.0
1295,112786.0
1296,88020.0
1297,85921.0
1298,283898.0
1299,26714.0
1300,143707.0
1301,18474.0
1302,154902.0
1303,61982.0
1304,49157.0
1305,40694.0
1306,80164.0
1307,117996.0
1308,82394.0
1309,86401.0
1310,216884.0
1311,56173.0
1312,205678.0
1313,47971.0
1314,49927.0
1315,143467.0
1316,225770.0
1317,141793.0
1318,108810.0
1319,34670.0
1320,191633.0
1321,59370.0
1322,120165.0
1323,90300.0
1324,90880.0
1325,99647.0
1326,43584.0
1327,80122.0
1328,80974.0
1329,78928.0
1330,41882.0
1331,150851.0
1332,95096.0
1333,63008.0
1334,88330.0
1335,46906.0
1336,30979.0
1337,58680.0
1338,50966.0
1339,96806.0
1340,58115.0
1341,97716.0
1342,154635.0
1343,73278.0
1344,160359.0
1345,145755.0
1346,49968.0
1347,138527.0
1348,44451.0
1349,44790.0
1350,128207.0
1351,43256.0
1352,144495.0
1353,125070.0
1354,68127.0
1355,94540.0
1356,43974.0
1357,81417.0
1358,136878.0
1359,205478.0
1360,89184.0
1361,163868.0
1362,83155.0
1363,193874.0
1364,139643.0
1365,47932.0
1366,89041.0
1367,113069.0
1368,95444.0
1369,119116.0
1370,101154.0
1371,2626488.0
1372,124926.0
1373,140047.0
1374,38464.0
1375,30840.0
1376,135241.0
1377,99328.0
1378,150363.0
1379,34825.0
1380,162046.0
1381,123008.0
1382,67439.0
1383,396587.0
1384,288227.0
1385,166648.0
1386,64240.0
1387,54372.0
1388,73090.0
1389,59111.0
1390,111859.0
1391,78883.0
1392,97804.0
1393,62166.0
1394,61702.0
1395,67611.0
1396,63931.0
1397,77489.0
1398,29033.0
1399,137343.0
1400,246411.0
1401,69788.0
1402,202259.0
1403,156413.0
1404,97226.0
1405,43632.0
1406,135763.0
1407,44061.0
1408,206950.0
1409,37061.0
1410,105595.0
1411,27943.0
1412,79962.0
1413,95203.0
1414,172149.0
1415,95667.0
1416,38976.0
1417,78875.0
1418,129868.0
1419,44060.0
1420,86818.0
1421,24936.0
1422,255803.0
1423,85571.0
1424,17546.0
1425,153639.0
1426,197702.0
1427,45139.0
1428,177971.0
1429,206883.0
1430,78756.0
1431,158454.0
1432,27264.0
1433,91861.0
1434,101070.0
1435,69533.0
1436,77582.0
1437,169073.0
1438,159037.0
1439,108853.0
1440,183449.0
1441,56507.0
1442,56884.0
1443,85543.0
1444,74930.0
1445,108565.0
1446,63958.0
1447,54097.0
1448,55602.0
1449,156397.0
1450,108702.0
1451,37455.0
1452,52020.0
1453,48281.0
1454,200361.0
1455,104200.0
1456,53052.0
1457,91460.0
1458,85813.0
1459,71686.0
1460,82383.0
1461,77443.0
1462,106249.0
1463,91150.0
1464,126128.0
1465,13710.0
1466,101881.0
1467,108001.0
1468,142060.0
1469,154700.0
1470,147440.0
1471,159157.0
1472,96068.0
1473,130855.0
1474,175661.0
1475,226521.0
1476,157795.0
1477,91821.0
1478,42501.0
1479,80934.0
1480,169482.0
1481,38890.0
1482,138786.0
1483,104143.0
1484,258484.0
1485,64863.0
1486,101355.0
1487,115387.0
1488,120154.0
1489,99218.0
1490,126344.0
1491,106596.0
1492,89303.0
1493,114772.0
1494,78756.0
1495,76874.0
1496,88247.0
1497,70260.0
1498,121396.0
1499,275895.0
1500,132248.0
1501,85934.0
1502,184080.0
1503,152817.0
1504,134670.0
1505,115087.0
1506,117264.0
1507,113074.0
1508,60080.0
1509,170947.0
1510,135977.0
1511,144706.0
1512,185534.0
1513,100952.0
1514,61251.0
1515,113116.0
1516,65875.0
1517,139921.0
1518,324426.0
1519,95859.0
1520,105397.0
1521,92905.0
1522,116273.0
1523,161433.0
1524,34514.0
1525,229988.0
1526,117654.0
1527,206802.0
1528,101091.0
1529,1949778.0
1530,78288.0
1531,117949.0
1532,163155.0
1533,208267.0
1534,89077.0
1535,55701.0
1536,74146.0
1537,24778.0
1538,36322.0
1539,90430.0
1540,63128.0
1541,84762.0
1542,75922.0
1543,299564.0
1544,93960.0
1545,78279.0
1546,30607.0
1547,86378.0
1548,105280.0
1549,88155.0
1550,58932.0
1551,33869.0
1552,109151.0
1553,179070.0
1554,73496.0
1555,189585.0
1556,130521.0
1557,102121.0
1558,47704.0
1559,17039.0
1560,195813.0
1561,200655.0
1562,68389.0
1563,48794.0
1564,118751.0
1565,192219.0
1566,121876.0
1567,353619.0
1568,43563.0
1569,83316.0
1570,240887.0
1571,166119.0
1572,143117.0
1573,57912.0
1574,80902.0
1575,204103.0
1576,136820.0
1577,40736.0
1578,65231.0
1579,70045.0
1580,91777.0
1581,70733.0
1582,28470.0
1583,101940.0
1584,108759.0
1585,82000.0
1586,1483156.0
1587,24673.0
1588,82993.0
1589,265635.0
1590,285826.0
1591,153370.0
1592,101950.0
1593,159054.0
1594,67972.0
1595,22080.0
1596,82222.0
1597,397761.0
1598,54876.0
1599,151226.0
1600,218817.0
1601,65952.0
1602,130078.0
1603,64056.0
1604,221401.0
1605,95525.0
1606,142227.0
1607,84147.0
1608,91594.0
1609,67994.0
1610,95422.0
1611,27552.0
1612,29294.0
1613,47324.0
1614,36574.0
1615,122065.0
1616,164192.0
1617,107603.0
1618,28633.0
1619,114218.0
1620,123530.0
1621,177020.0
1622,76519.0
1623,71994.0
1624,63708.0
1625,58210.0
1626,40607.0
1627,98896.0
1628,198021.0
1629,122515.0
1630,203802.0
1631,134487.0
1632,155792.0
1633,147286.0
1634,75194.0
1635,110819.0
1636,63823.0
1637,91357.0
1638,36452.0
1639,36195.0
1640,113319.0
1641,479003.0
1642,249179.0
1643,128131.0
1644,58464.0
1645,114794.0
1646,160623.0
1647,75645.0
1648,139546.0
1649,27250.0
1650,81212.0
1651,50037.0
1652,210313.0
1653,148481.0
1654,161175.0
1655,57356.0
1656,90704.0
1657,297323.0
1658,189735.0
1659,97104.0
1660,71254.0
1661,206677.0
1662,40748.0
1663,49935.0
1664,164692.0
1665,75174.0
1666,58691.0
1667,153302.0
1668,86002.0
1669,38051.0
1670,80660.0
1671,83264.0
1672,69671.0
1673,80063.0
1674,57989.0
1675,50171.0
1676,52518.0
1677,93068.0
1678,147979.0
1679,83011.0
1680,161490.0
1681,87141.0
1682,128232.0
1683,78905.0
1684,31649.0
1685,69035.0
1686,72568.0
1687,106196.0
1688,176565.0
1689,61884.0
1690,88759.0
1691,175076.0
1692,313916.0
1693,19747.0
1694,220321.0
1695,442247.0
1696,57598.0
1697,132222.0
1698,27136.0
1699,81655.0
1700,404239.0
1701,74187.0
1702,140485.0
1703,131152.0
1704,131051.0
1705,119256.0
1706,90782.0
1707,85162.0
1708,430696.0
1709,59773.0
1710,72971.0
1711,117404.0
1712,21340.0
1713,35565.0
1714,94490.0
1715,265425.0
1716,85268.0
1717,107592.0
1718,169735.0
1719,98799.0
1720,116725.0
1721,470351.0
1722,125618.0
1723,124373.0
1724,34792.0
1725,51299.0
1726,153279.0
1727,73404.0
1728,422068.0
1729,86960.0
1730,86797.0
1731,112422.0
1732,64037.0
1733,41255.0
1734,95026.0
1735,44738.0
1736,103629.0
1737,24538.0
1738,90470.0
1739,33839.0
1740,87591.0
1741,62731.0
1742,124764.0
1743,28392.0
1744,121249.0
1745,93642.0
1746,81962.0
1747,233313.0
1748,153589.0
1749,88311.0
1750,27734.0
1751,211201.0
1752,121629.0
1753,329894.0
1754,2273.0
1755,44730.0
1756,84258.0
1757,124953.0
1758,116389.0
1759,58240.0
1760,56474.0
1761,101576.0
1762,42778.0
1763,30622.0
1764,114603.0
1765,86189.0
1766,54071.0
1767,38562.0
1768,1393417.0
1769,112201.0
1770,30077.0
1771,63888.0
1772,110871.0
1773,79631.0
1774,106379.0
1775,82674.0
1776,70437.0
1777,103044.0
1778,1711907.0
1779,190078.0
1780,158140.0
1781,1862908.0
1782,132272.0
1783,48188.0
1784,94480.0
1785,54413.0
1786,213818.0
1787,235581.0
1788,168755.0
1789,115483.0
1790,49016.0
1791,182245.0
1792,173740.0
1793,212345.0
1794,62306.0
1795,98273.0
1796,157638.0
1797,127826.0
1798,99435.0
1799,37058.0
1800,178266.0
1801,74918.0
1802,48478.0
1803,87574.0
1804,188900.0
1805,32550.0
1806,55441.0
1807,74944.0
1808,105884.0
1809,198108.0
1810,29008.0
1811,103876.0
1812,201649.0
1813,141591.0
1814,78198.0
1815,62821.0
1816,30197.0
1817,103945.0
1818,144128.0
1819,48813.0
1820,256690.0
1821,88015.0
1822,94633.0
1823,81880.0
1824,113491.0
1825,148010.0
1826,182622.0
1827,134471.0
1828,88661.0
1829,110131.0
1830,56785.0
1831,65238.0
1832,152403.0
1833,67486.0
1834,121251.0
1835,83859.0
1836,23754.0
1837,129180.0
1838,139615.0
1839,98703.0
1840,58402.0
1841,59650.0
1842,138338.0
1843,131271.0
1844,51410.0
1845,92455.0
1846,26824.0
1847,89838.0
1848,93605.0
1849,46411.0
1850,90266.0
1851,227984.0
1852,88180.0
1853,1617115.0
1854,1628527.0
1855,59867.0
1856,542720.0
1857,87932.0
1858,135986.0
1859,408424.0
1860,108698.0
1861,45191.0
1862,130776.0
1863,323126.0
1864,111714.0
1865,122828.0
1866,114813.0
1867,194698.0
1868,154017.0
1869,105598.0
1870,60407.0
1871,39221.0
1872,97545.0
1873,474767.0
1874,183374.0
1875,50413.0
1876,109838.0
1877,56776.0
1878,190173.0
1879,149636.0
1880,16611.0
1881,93491.0
1882,200251.0
1883,32146.0
1884,180433.0
1885,103933.0
1886,47425.0
1887,71666.0
1888,80253.0
1889,92184.0
1890,103117.0
1891,162250.0
1892,51738.0
1893,195244.0
1894,121806.0
1895,86094.0
1896,79498.0
1897,48105.0
1898,61200.0
1899,201241.0
1900,179033.0
1901,114069.0
1902,77817.0
1903,100508.0
1904,122784.0
1905,76263.0
1906,51173.0
1907,126688.0
1908,149511.0
1909,49115.0
1910,77198.0
1911,181901.0
1912,179801.0
1913,142223.0
1914,35630.0
1915,108941.0
1916,81519.0
1917,94218.0
1918,113832.0
1919,136807.0
1920,48560.0
1921,92257.0
1922,41045.0
1923,137713.0
1924,214891.0
1925,111234.0
1926,87428.0
1927,42075.0
1928,149155.0
1929,107698.0
1930,106654.0
1931,134288.0
1932,29488.0
1933,15350.0
1934,60389.0
1935,130149.0
1936,32713.0
1937,79812.0
1938,171661.0
1939,77348.0
1940,167108.0
1941,63808.0
1942,40076.0
1943,156632.0
1944,112619.0
1945,91734.0
1946,47810.0
1947,53472.0
1948,121707.0
1949,378860.0
1950,205939.0
1951,75099.0
1952,109915.0
1953,82031.0
1954,57252.0
1955,94813.0
1956,119546.0
1957,104764.0
1958,24274.0
1959,49288.0
1960,52424.0
1961,56871.0
1962,74383.0
1963,36962.0
1964,96062.0
1965,73707.0
1966,115160.0
1967,658055.0
1968,215939.0
1969,64046.0
1970,49776.0
1971,23569.0
1972,53637.0
1973,63086.0
1974,106567.0
1975,40281.0
1976,223736.0
1977,40827.0
1978,175314.0
1979,37295.0
1980,236990.0
1981,63347.0
1982,79623.0
1983,89913.0
1984,141430.0
1985,193292.0
1986,51990.0
1987,260553.0
1988,109322.0
1989,96146.0
1990,29446.0
1991,37400.0
1992,659751.0
1993,70782.0
1994,75515.0
1995,94050.0
1996,56216.0
1997,121118.0
1998,123209.0
1999,125599.0
2000,79876.0
2001,96135.0
2002,40918.0
2003,83822.0
2004,94581.0
2005,540309.0
2006,88232.0
2007,64167.0
2008,86552.0
2009,94371.0
2010,82006.0
2011,148464.0
2012,178332.0
2013,40461.0
2014,117359.0
2015,98299.0
2016,195070.0
2017,105409.0
2018,49180.0
2019,27987.0
2020,55916.0
2021,275571.0
2022,35250.0
2023,129738.0
2024,78168.0
2025,127118.0
2026,274380.0
2027,148897.0
2028,128023.0
2029,145024.0
2030,70445.0
2031,70647.0
2032,230782.0
2033,137944.0
2034,106526.0
2035,117564.0
2036,259032.0
2037,41917.0
2038,46567.0
2039,135772.0
2040,12459.0
2041,146396.0
2042,144950.0
2043,150050.0
2044,153433.0
2045,536672.0
2046,108291.0
2047,21800.0
2048,149252.0
2049,163489.0
2050,5385.0
2051,108049.0
2052,285477.0
2053,65628.0
2054,35793.0
2055,37033.0
2056,111779.0
2057,25062.0
2058,197086.0
2059,90529.0
2060,154118.0
2061,222145.0
2062,54900.0
2063,165837.0
2064,48831.0
2065,112063.0
2066,-122.0
2067,153900.0
2068,54310.0
2069,148853.0
2070,46416.0
2071,44491.0
2072,103934.0
2073,50761.0
2074,110586.0
2075,154680.0
2076,203599.0
2077,85055.0
2078,27739.0
2079,123653.0
2080,71870.0
2081,84298.0
2082,112402.0
2083,34764.0
2084,153874.0
2085,19752.0
2086,43747.0
2087,62176.0
2088,99734.0
2089,44028.0
2090,83446.0
2091,76983.0
2092,813913.0
2093,71795.0
2094,120071.0
2095,77489.0
2096,116775.0
2097,158629.0
2098,532643.0
2099,129618.0
2100,616435.0
2101,217267.0
2102,317100.0
2103,126204.0
2104,121941.0
2105,515393.0
2106,73865.0
2107,85534.0
2108,62207.0
2109,338027.0
2110,144089.0
2111,74926.0
2112,958644.0
2113,177847.0
2114,182723.0
2115,244163.0
2116,91048.0
2117,1027634.0
2118,57689.0
2119,227215.0
2120,358910.0
2121,75029.0
2122,248485.0
2123,20729.0
2124,163697.0
2125,156470.0
2126,460728.0
2127,257255.0
2128,141185.0
2129,270861.0
2130,115744.0
2131,70842.0
2132,92265.0
2133,105656.0
2134,160970.0
2135,62839.0
2136,184362.0
2137,117204.0
2138,497038.0
2139,234374.0
2140,117081.0
2141,384341.0
2142,94044.0
2143,393125.0
2144,87700.0
2145,625134.0
2146,987889.0
2147,312439.0
2148,411657.0
2149,452763.0
2150,256491.0
2151,217471.0
2152,662289.0
2153,352343.0
2154,953399.0
2155,145750.0
2156,88397.0
2157,68921.0
2158,53466.0
2159,197117.0
2160,137437.0
2161,465559.0
2162,273888.0
2163,119572.0
2164,29160.0
2165,204029.0
2166,466025.0
2167,113848.0
2168,11112.0
2169,63934.0
2170,89945.0
2171,53261.0
2172,123687.0
2173,127266.0
2174,126851.0
2175,600547.0
2176,113880.0
2177,244372.0
2178,142934.0
2179,24293.0
2180,432427.0
2181,881842.0
2182,51169.0
2183,128129.0
2184,849562.0
2185,62551.0
2186,10883.0
2187,511500.0
2188,207627.0
2189,292248.0
2190,93890.0
2191,576683.0
2192,120425.0
2193,80563.0
2194,24692.0
2195,173456.0
2196,69113.0
2197,115616.0
2198,155495.0
2199,112809.0
2200,328879.0
2201,69332.0
2202,380347.0
2203,178685.0
2204,94181.0
2205,72609.0
2206,229737.0
2207,280173.0
2208,472674.0
2209,176545.0
2210,61666.0
2211,188396.0
2212,161975.0
2213,305559.0
2214,201433.0
2215,411601.0
2216,132375.0
2217,107423.0
2218,383939.0
2219,117663.0
2220,324099.0
2221,126320.0
2222,165627.0
2223,61045.0
2224,255145.0
2225,111082.0
2226,109888.0
2227,436503.0
2228,451438.0
2229,120002.0
2230,168312.0
2231,493695.0
2232,48798.0
2233,92696.0
2234,243992.0
2235,1016823.0
2236,70265.0
2237,372922.0
2238,130814.0
2239,102517.0
2240,184890.0
2241,30998.0
2242,127907.0
2243,104373.0
2244,82968.0
2245,64408.0
2246,91431.0
2247,129078.0
2248,71035.0
2249,1408127.0
2250,70544.0
2251,165304.0
2252,72659.0
2253,91643.0
2254,304157.0
2255,127740.0
2256,120170.0
2257,70335.0
2258,162490.0
2259,302681.0
2260,164928.0
2261,1310204.0
2262,559703.0
2263,77831.0
2264,250387.0
2265,70840.0
2266,130323.0
2267,89919.0
2268,106096.0
2269,181450.0
2270,84180.0
2271,64615.0
2272,92132.0
2273,100076.0
2274,120280.0
2275,834642.0
2276,64791.0
2277,108540.0
2278,242142.0
2279,26001.0
2280,87069.0
2281,327338.0
2282,319490.0
2283,73289.0
2284,58499.0
2285,91532.0
2286,104548.0
2287,119771.0
2288,96943.0
2289,97829.0
2290,5192.0
2291,120415.0
2292,117814.0
2293,60838.0
2294,253217.0
2295,131315.0
2296,176212.0
2297,158200.0
2298,436660.0
2299,136760.0
2300,122164.0
2301,82847.0
2302,91363.0
2303,322967.0
2304,112926.0
2305,76636.0
2306,118890.0
2307,89830.0
2308,411304.0
2309,83916.0
2310,62836.0
2311,96164.0
2312,85352.0
2313,45269.0
2314,187843.0
2315,552818.0
2316,116043.0
2317,185356.0
2318,77409.0
2319,68975.0
2320,62433.0
2321,184683.0
2322,159485.0
2323,141240.0
2324,113093.0
2325,485652.0
2326,72627.0
2327,102855.0
2328,83189.0
2329,996908.0
2330,65642.0
2331,148299.0
2332,79080.0
2333,54854.0
2334,1292956.0
2335,4394.0
2336,81460.0
2337,191453.0
2338,3965.0
2339,823022.0
2340,1590045.0
2341,100035.0
2342,127992.0
2343,73255.0
2344,330760.0
2345,167375.0
2346,90449.0
2347,78388.0
2348,79022.0
2349,97623.0
2350,83218.0
2351,167308.0
2352,63768.0
2353,607708.0
2354,248759.0
2355,269595.0
2356,175291.0
2357,18880.0
2358,291857.0
2359,10829.0
2360,177321.0
2361,559840.0
2362,142890.0
2363,78601.0
2364,298555.0
2365,294509.0
2366,144402.0
2367,240371.0
2368,344344.0
2369,789787.0
2370,99352.0
2371,614583.0
2372,286375.0
2373,325712.0
2374,82807.0
2375,98617.0
2376,208265.0
2377,686987.0
2378,627642.0
2379,166535.0
2380,145105.0
2381,328404.0
2382,240544.0
2383,1129572.0
2384,173712.0
2385,58106.0
2386,142101.0
2387,741610.0
2388,106316.0
2389,9282.0
2390,340451.0
2391,104112.0
2392,99796.0
2393,60873.0
2394,159858.0
2395,87882.0
2396,240644.0
2397,97126.0
2398,108189.0
2399,81282.0
2400,88997.0
2401,310259.0
2402,118217.0
2403,1442635.0
2404,119509.0
2405,200317.0
2406,99599.0
2407,721047.0
2408,178576.0
2409,71274.0
2410,114615.0
2411,206253.0
2412,92517.0
2413,79478.0
2414,67256.0
2415,234083.0
2416,326408.0
2417,467159.0
2418,412049.0
2419,316040.0
2420,93956.0
2421,171912.0
2422,224425.0
2423,357432.0
2424,1003934.0
2425,100026.0
2426,109020.0
2427,66646.0
2428,57286.0
2429,539991.0
2430,391267.0
2431,83977.0
2432,276423.0
2433,163239.0
2434,129247.0
2435,71616.0
2436,106951.0
2437,171343.0
2438,153245.0
2439,141776.0
2440,135824.0
2441,383356.0
2442,201541.0
2443,125020.0
2444,224913.0
2445,44820.0
2446,317111.0
2447,351166.0
2448,225011.0
2449,90888.0
2450,126367.0
2451,361080.0
2452,32843.0
2453,107169.0
2454,180449.0
2455,193362.0
2456,55391.0
2457,919147.0
2458,87770.0
2459,46057.0
2460,205033.0
2461,101613.0
2462,227840.0
2463,64015.0
2464,111069.0
2465,174225.0
2466,132808.0
2467,9908.0
2468,545390.0
2469,130529.0
2470,56144.0
2471,47346.0
2472,451187.0
2473,617827.0
2474,259441.0
2475,928299.0
2476,74348.0
2477,139704.0
2478,115740.0
2479,463285.0
2480,92391.0
2481,378857.0
2482,26090.0
2483,128857.0
2484,114638.0
2485,98875.0
2486,52412.0
2487,1319640.0
2488,683141.0
2489,52143.0
2490,503556.0
2491,151686.0
2492,94568.0
2493,135286.0
2494,379126.0
2495,98390.0
2496,57724.0
2497,142985.0
2498,99918.0
2499,530581.0
2500,197566.0
2501,231742.0
2502,36039.0
2503,145528.0
2504,55716.0
2505,315426.0
2506,748112.0
2507,185593.0
2508,231432.0
2509,391863.0
2510,77847.0
2511,46800.0
2512,915342.0
2513,513679.0
2514,96215.0
2515,102188.0
2516,74969.0
2517,293349.0
2518,68437.0
2519,10264.0
2520,69620.0
2521,777280.0
2522,514191.0
2523,112144.0
2524,300291.0
2525,688210.0
2526,275750.0
2527,75787.0
2528,80558.0
2529,107883.0
2530,436502.0
2531,108652.0
2532,213918.0
2533,84854.0
2534,232947.0
2535,110222.0
2536,101958.0
2537,418332.0
2538,245963.0
2539,135359.0
2540,902635.0
2541,64974.0
2542,1121313.0
2543,108000.0
2544,72570.0
2545,137615.0
2546,1552768.0
2547,217135.0
2548,249294.0
2549,93151.0
2550,138392.0
2551,91508.0
2552,142677.0
2553,191223.0
2554,73505.0
2555,153681.0
2556,124494.0
2557,243487.0
2558,113430.0
2559,63740.0
2560,96671.0
2561,79752.0
2562,309366.0
2563,43765.0
2564,772949.0
2565,79606.0
2566,125541.0
2567,179269.0
2568,64602.0
2569,316598.0
2570,270263.0
2571,52838.0
2572,88171.0
2573,37180.0
2574,424439.0
2575,304244.0
2576,59768.0
2577,601795.0
2578,222776.0
2579,50854.0
2580,147626.0
2581,694945.0
2582,232964.0
2583,872921.0
2584,75594.0
2585,122930.0
2586,70072.0
2587,52939.0
2588,208905.0
2589,169937.0
2590,83025.0
2591,60290.0
2592,99529.0
2593,203709.0
2594,312608.0
2595,93974.0
2596,110249.0
2597,819582.0
2598,198968.0
2599,82371.0
2600,85622.0
2601,120245.0
2602,126974.0
2603,143722.0
2604,134437.0
2605,224380.0
2606,148387.0
2607,145670.0
2608,72034.0
2609,47197.0
2610,141510.0
2611,193477.0
2612,86256.0
2613,289655.0
2614,88589.0
2615,175553.0
2616,67179.0
2617,84259.0
2618,167599.0
2619,80544.0
2620,92802.0
2621,112044.0
2622,96627.0
2623,162361.0
2624,75226.0
2625,414826.0
2626,275346.0
2627,163687.0
2628,85219.0
2629,156142.0
2630,79363.0
2631,66301.0
2632,298306.0
2633,703579.0
2634,108628.0
2635,87475.0
2636,69801.0
2637,325354.0
2638,121097.0
2639,128654.0
2640,130608.0
2641,47221.0
2642,266174.0
2643,102877.0
2644,105378.0
2645,92228.0
2646,74104.0
2647,455806.0
2648,1330088.0
2649,56750.0
2650,94998.0
2651,133942.0
2652,94489.0
2653,75453.0
2654,261324.0
2655,148815.0
2656,120238.0
2657,258992.0
2658,387403.0
2659,1182037.0
2660,108132.0
2661,11266.0
2662,49482.0
2663,183444.0
2664,228244.0
2665,297585.0
2666,778972.0
2667,22130.0
2668,881203.0
2669,55517.0
2670,46156.0
2671,170201.0
2672,70194.0
2673,59337.0
2674,97416.0
2675,62285.0
2676,624038.0
2677,599924.0
2678,105174.0
2679,133570.0
2680,132667.0
2681,163955.0
2682,145531.0
2683,201587.0
2684,81172.0
2685,62802.0
2686,139348.0
2687,136304.0
2688,151574.0
2689,98749.0
2690,182798.0
2691,273913.0
2692,467204.0
2693,60060.0
2694,554299.0
2695,562583.0
2696,210786.0
2697,102687.0
2698,111228.0
2699,49029.0
2700,79421.0
2701,57482.0
2702,102474.0
2703,181621.0
2704,106409.0
2705,744678.0
2706,60003.0
2707,28663.0
2708,988234.0
2709,64849.0
2710,408540.0
2711,247333.0
2712,81367.0
2713,600358.0
2714,573436.0
2715,278445.0
2716,254898.0
2717,157989.0
2718,109726.0
2719,173638.0
2720,71627.0
2721,590898.0
2722,246882.0
2723,68401.0
2724,90866.0
2725,91984.0
2726,306707.0
2727,466027.0
2728,74359.0
2729,11852.0
2730,110202.0
2731,575192.0
2732,919876.0
2733,130605.0
2734,144711.0
2735,123814.0
2736,45971.0
2737,319673.0
2738,119237.0
2739,87738.0
2740,46082.0
2741,557153.0
2742,56332.0
2743,195084.0
2744,92836.0
2745,158677.0
2746,80428.0
2747,638450.0
2748,117459.0
2749,9309.0
2750,63889.0
2751,101747.0
2752,18911.0
2753,77789.0
2754,36647.0
2755,70015.0
2756,52145.0
2757,32910.0
2758,69153.0
2759,77128.0
2760,17128.0
2761,144108.0
2762,56863.0
2763,69557.0
2764,73655.0
2765,22822.0
2766,72183.0
2767,29878.0
2768,47864.0
2769,51025.0
2770,45697.0
2771,57370.0
2772,59274.0
2773,28260.0
2774,78338.0
2775,17615.0
2776,31531.0
2777,43260.0
2778,34694.0
2779,52973.0
2780,58851.0
2781,145903.0
2782,83702.0
2783,25775.0
2784,294.0
2785,67971.0
2786,101238.0
2787,17093.0
2788,147099.0
2789,24940.0
2790,46900.0
2791,72730.0
2792,29939.0
2793,65920.0
2794,50432.0
2795,35002.0
2796,58176.0
2797,29615.0
2798,135934.0
2799,67127.0
2800,44715.0
2801,65005.0
2802,63928.0
2803,2910.0
2804,29610.0
2805,23682.0
2806,47093.0
2807,38711.0
2808,125254.0
2809,93647.0
2810,48214.0
2811,71385.0
2812,53060.0
2813,51323.0
2814,47418.0
2815,70782.0
2816,64298.0
2817,47624.0
2818,58495.0
2819,125094.0
2820,103451.0
2821,95287.0
2822,162128.0
2823,54931.0
2824,25557.0
2825,41342.0
2826,189686.0
2827,32150.0
2828,48110.0
2829,34749.0
2830,76233.0
2831,57422.0
2832,52075.0
2833,4505.0
2834,13920.0
2835,36538.0
2836,125877.0
2837,69530.0
2838,40635.0
2839,29095.0
2840,48252.0
2841,57634.0
2842,78963.0
2843,95693.0
2844,43360.0
2845,110933.0
2846,32267.0
2847,125238.0
2848,46223.0
2849,56203.0
2850,55932.0
2851,27381.0
2852,68537.0
2853,29660.0
2854,144711.0
2855,47847.0
2856,20608.0
2857,49429.0
2858,51551.0
2859,28931.0
2860,29228.0
2861,28070.0
2862,63748.0
2863,73810.0
2864,122168.0
2865,43318.0
2866,21344.0
2867,50621.0
2868,71662.0
2869,63733.0
2870,165480.0
2871,55406.0
2872,77923.0
2873,50838.0
2874,58874.0
2875,28655.0
2876,35946.0
2877,66863.0
2878,15284.0
2879,46624.0
2880,34087.0
2881,48804.0
2882,87077.0
2883,56955.0
2884,18844.0
2885,42596.0
2886,96006.0
2887,8663.0
2888,51147.0
2889,40376.0
2890,20381.0
2891,31100.0
2892,46164.0
2893,15740.0
2894,81911.0
2895,54637.0
2896,46820.0
2897,51006.0
2898,52601.0
2899,77918.0
2900,106710.0
2901,34468.0
2902,212234.0
2903,82218.0
2904,15088.0
2905,48294.0
2906,54806.0
2907,25294.0
2908,21808.0
2909,124573.0
2910,16224.0
2911,46173.0
2912,51511.0
2913,23280.0
2914,10126.0
2915,53083.0
2916,95271.0
2917,34623.0
2918,57225.0
2919,99083.0
2920,45046.0
2921,60957.0
2922,46329.0
2923,16951.0
2924,83924.0
2925,55633.0
2926,31645.0
2927,90440.0
2928,40229.0
2929,13631.0
2930,44294.0
2931,55881.0
2932,29410.0
2933,59376.0
2934,28343.0
2935,98394.0
2936,17333.0
2937,70975.0
2938,79556.0
2939,85102.0
2940,175362.0
2941,52196.0
2942,99339.0
2943,121988.0
2944,39243.0
2945,114118.0
2946,79845.0
2947,65465.0
2948,76079.0
2949,111677.0
2950,38924.0
2951,58351.0
2952,16216.0
2953,22268.0
2954,122232.0
2955,32119.0
2956,110513.0
2957,52098.0
2958,2348.0
2959,79134.0
2960,47411.0
2961,31533.0
2962,24064.0
2963,50817.0
2964,70120.0
2965,81621.0
2966,32010.0
2967,72139.0
2968,23224.0
2969,46433.0
2970,41432.0
2971,33019.0
2972,56561.0
2973,25796.0
2974,86291.0
2975,15069.0
2976,31169.0
2977,11251.0
2978,61435.0
2979,78001.0
2980,46214.0
2981,71538.0
2982,109813.0
2983,45797.0
2984,55272.0
2985,107710.0
2986,46451.0
2987,55546.0
2988,47211.0
2989,65198.0
2990,78980.0
2991,52785.0
2992,61531.0
2993,18578.0
2994,39026.0
2995,45514.0
2996,58987.0
2997,58757.0
2998,115897.0
2999,63107.0
3000,113875.0
3001,22845.0
3002,12664.0
3003,57562.0
3004,39025.0
3005,67774.0
3006,44234.0
3007,33349.0
3008,39732.0
3009,29045.0
3010,44801.0
3011,24332.0
3012,73532.0
3013,68579.0
3014,136974.0
3015,33297.0
3016,68811.0
3017,56073.0
3018,62737.0
3019,80450.0
3020,63822.0
3021,82800.0
3022,3124.0
3023,42342.0
3024,108053.0
3025,45682.0
3026,56634.0
3027,21834.0
3028,21264.0
3029,59815.0
3030,47785.0
3031,32032.0
3032,107443.0
3033,101418.0
3034,41203.0
3035,111656.0
3036,33885.0
3037,73076.0
3038,91118.0
3039,47179.0
3040,61137.0
3041,33157.0
3042,22265.0
3043,45625.0
3044,32113.0
3045,73078.0
3046,54580.0
3047,49186.0
3048,14303.0
3049,86279.0
3050,53979.0
3051,57045.0
3052,82451.0
3053,32965.0
3054,57141.0
3055,34292.0
3056,51033.0
3057,47286.0
3058,65273.0
3059,43958.0
3060,59764.0
3061,103794.0
3062,42805.0
3063,60030.0
3064,78826.0
3065,105160.0
3066,39625.0
3067,199091.0
3068,68274.0
3069,19957.0
3070,32417.0
3071,49661.0
3072,68474.0
3073,49367.0
3074,75099.0
3075,74989.0
3076,38188.0
3077,34392.0
3078,58288.0
3079,58962.0
3080,57071.0
3081,71990.0
3082,37224.0
3083,98439.0
3084,51728.0
3085,40718.0
3086,72031.0
3087,97053.0
3088,29819.0
3089,53095.0
3090,47130.0
3091,25717.0
3092,26271.0
3093,113219.0
3094,53423.0
3095,54511.0
3096,70826.0
3097,82935.0
3098,101027.0
3099,47049.0
3100,58050.0
3101,17618.0
3102,112119.0
3103,41661.0
3104,89122.0
3105,94814.0
3106,19752.0
3107,120080.0
3108,58332.0
3109,100757.0
3110,28571.0
3111,43910.0
3112,77539.0
3113,40413.0
3114,34085.0
3115,41478.0
3116,56660.0
3117,102474.0
3118,62412.0
3119,55568.0
3120,95627.0
3121,86783.0
3122,49337.0
3123,44460.0
3124,39605.0
3125,106460.0
3126,129557.0
3127,21763.0
3128,66771.0
3129,51227.0
3130,26574.0
3131,70795.0
3132,24893.0
3133,53302.0
3134,39847.0
3135,44302.0
3136,10550.0
3137,61120.0
3138,44421.0
3139,98892.0
3140,19120.0
3141,48767.0
3142,55844.0
3143,55874.0
3144,119870.0
3145,77560.0
3146,42898.0
3147,19918.0
3148,102491.0
3149,90439.0
3150,117250.0
3151,13803.0
3152,45580.0
3153,86030.0
3154,61089.0
3155,50611.0
3156,30240.0
3157,23062.0
3158,46810.0
3159,79529.0
3160,56423.0
3161,84859.0
3162,46262.0
3163,13652.0
3164,55523.0
3165,54630.0
3166,55897.0
3167,46335.0
3168,63772.0
3169,55466.0
3170,81856.0
3171,95037.0
3172,68135.0
3173,60293.0
3174,8632.0
3175,97722.0
3176,153548.0
3177,22406.0
3178,94685.0
3179,63909.0
3180,56297.0
3181,58273.0
3182,68913.0
3183,10601.0
3184,70445.0
3185,72356.0
3186,31998.0
3187,69413.0
3188,94187.0
3189,42679.0
3190,30906.0
3191,38652.0
3192,54115.0
3193,34204.0
3194,57693.0
3195,42456.0
3196,35712.0
3197,94574.0
3198,46599.0
3199,87910.0
3200,28784.0
3201,61342.0
3202,34403.0
3203,63359.0
3204,21429.0
3205,40315.0
3206,89051.0
3207,54156.0
3208,58774.0
3209,100047.0
3210,38007.0
3211,95627.0
3212,72681.0
3213,60780.0
3214,42692.0
3215,81975.0
3216,59282.0
3217,46907.0
3218,48275.0
3219,32327.0
3220,58242.0
3221,46353.0
3222,73551.0
3223,21230.0
3224,42018.0
3225,50155.0
3226,48272.0
3227,26069.0
3228,121958.0
3229,61204.0
3230,58789.0
3231,53427.0
3232,91516.0
3233,39080.0
3234,65987.0
3235,73595.0
3236,57347.0
3237,50314.0
3238,14935.0
3239,52366.0
3240,30354.0
3241,74203.0
3242,52648.0
3243,99874.0
3244,91856.0
3245,48559.0
3246,109861.0
3247,90672.0
3248,59093.0
3249,43032.0
3250,89499.0
3251,33248.0
3252,47640.0
3253,8422.0
3254,-917.0
3255,115769.0
3256,65798.0
3257,56716.0
3258,25184.0
3259,67346.0
3260,39328.0
3261,57495.0
3262,10072.0
3263,48340.0
3264,63663.0
3265,28447.0
3266,79968.0
3267,31129.0
3268,43458.0
3269,48921.0
3270,290287.0
3271,53114.0
3272,2357.0
3273,54167.0
3274,47960.0
3275,14534.0
3276,103048.0
3277,68241.0
3278,60303.0
3279,64244.0
3280,43438.0
3281,64857.0
3282,25271.0
3283,43072.0
3284,59464.0
3285,46630.0
3286,60081.0
3287,98151.0
3288,27566.0
3289,90982.0
3290,61961.0
3291,46087.0
3292,53419.0
3293,72004.0
3294,69193.0
3295,48555.0
3296,70052.0
3297,71417.0
3298,97171.0
3299,69285.0
3300,71401.0
3301,24008.0
3302,66901.0
3303,58748.0
3304,52205.0
3305,23812.0
3306,53023.0
3307,89918.0
3308,47103.0
3309,83946.0
3310,54709.0
3311,27077.0
3312,44695.0
3313,65091.0
3314,113360.0
3315,80528.0
3316,87428.0
3317,26381.0
3318,53171.0
3319,48099.0
3320,34090.0
3321,44475.0
3322,74017.0
3323,53533.0
3324,59891.0
3325,47754.0
3326,119540.0
3327,67234.0
3328,27398.0
3329,30397.0
3330,43915.0
3331,24445.0
3332,65547.0
3333,23821.0
3334,55101.0
3335,36494.0
3336,80312.0
3337,73707.0
3338,24526.0
3339,37876.0
3340,35047.0
3341,46100.0
3342,33153.0
3343,107062.0
3344,17900.0
3345,53234.0
3346,16101.0
3347,53724.0
3348,92100.0
3349,67115.0
3350,29692.0
3351,83482.0
3352,124284.0
3353,34523.0
3354,147571.0
3355,63321.0
3356,33192.0
3357,38092.0
3358,56537.0
3359,89704.0
3360,67995.0
3361,30289.0
3362,53978.0
3363,21956.0
3364,19355.0
3365,48339.0
3366,46938.0
3367,81059.0
3368,177497.0
3369,24706.0
3370,111158.0
3371,53800.0
3372,77498.0
3373,80707.0
3374,42631.0
3375,60563.0
3376,53162.0
3377,44397.0
3378,123102.0
3379,52101.0
3380,77935.0
3381,64727.0
3382,83121.0
3383,30023.0
3384,25200.0
3385,125628.0
3386,22354.0
3387,53070.0
3388,103750.0
3389,96800.0
3390,48196.0
3391,54417.0
3392,46319.0
3393,129369.0
3394,59561.0
3395,105035.0
3396,107398.0
3397,129513.0
3398,95251.0
3399,71885.0
3400,53729.0
3401,65135.0
3402,44718.0
3403,110982.0
3404,40465.0
3405,74265.0
3406,19166.0
3407,48273.0
3408,69679.0
3409,36250.0
3410,46113.0
3411,97105.0
3412,51172.0
3413,120433.0
3414,36792.0
3415,28653.0
3416,7133.0
3417,109385.0
3418,50035.0
3419,82306.0
3420,32506.0
3421,56190.0
3422,79831.0
3423,156564.0
3424,21908.0
3425,35083.0
3426,104933.0
3427,93035.0
3428,81529.0
3429,80495.0
3430,106028.0
3431,79011.0
3432,24611.0
3433,68208.0
3434,33984.0
3435,35852.0
3436,96670.0
3437,55920.0
3438,64638.0
3439,162901.0
3440,106851.0
3441,90048.0
3442,33930.0
3443,100921.0
3444,91554.0
3445,80863.0
3446,58542.0
3447,92459.0
3448,75594.0
3449,72419.0
3450,95653.0
3451,93146.0
3452,32199.0
3453,61416.0
3454,153776.0
3455,67688.0
3456,35887.0
3457,30931.0
3458,37170.0
3459,30149.0
3460,127479.0
3461,55779.0
3462,37229.0
3463,35087.0
3464,29526.0
3465,61158.0
3466,69270.0
3467,129446.0
3468,55198.0
3469,24109.0
3470,45330.0
3471,66592.0
3472,19601.0
3473,75548.0
3474,56191.0
3475,25361.0
3476,79230.0
3477,78284.0
3478,71631.0
3479,39098.0
3480,107758.0
3481,80058.0
3482,124114.0
3483,42961.0
3484,68658.0
3485,53391.0
3486,31266.0
3487,61066.0
3488,120855.0
3489,60110.0
3490,117569.0
3491,75207.0
3492,45705.0
3493,55590.0
3494,64929.0
3495,72121.0
3496,141203.0
3497,88231.0
3498,29820.0
3499,110774.0
3500,93310.0
3501,56286.0
3502,23911.0
3503,36372.0
3504,30755.0
3505,78588.0
3506,42486.0
3507,64279.0
3508,58298.0
3509,42068.0
3510,24348.0
3511,44060.0
3512,19614.0
3513,30221.0
3514,111700.0
3515,40398.0
3516,120806.0
3517,47273.0
3518,116626.0
3519,24894.0
3520,118051.0
3521,65841.0
3522,114536.0
3523,58328.0
3524,137313.0
3525,44019.0
3526,78736.0
3527,91014.0
3528,105480.0
3529,128070.0
3530,19139.0
3531,62819.0
3532,59452.0
3533,58955.0
3534,37209.0
3535,85935.0
3536,89414.0
3537,49266.0
3538,45115.0
3539,20075.0
3540,53302.0
3541,54028.0
3542,59321.0
3543,67850.0
3544,63954.0
3545,78842.0
3546,120432.0
3547,66440.0
3548,132559.0
3549,47399.0
3550,40105.0
3551,115611.0
3552,70870.0
3553,64274.0
3554,60424.0
3555,53636.0
3556,27678.0
3557,69226.0
3558,15494.0
3559,50173.0
3560,49505.0
3561,46049.0
3562,54684.0
3563,26672.0
3564,15436.0
3565,60774.0
3566,44545.0
3567,124590.0
3568,27354.0
3569,62503.0
3570,121360.0
3571,26536.0
3572,5857.0
3573,16395.0
3574,54272.0
3575,42444.0
3576,73238.0
3577,35987.0
3578,57993.0
3579,27528.0
3580,114701.0
3581,115131.0
3582,132164.0
3583,102200.0
3584,105771.0
3585,84729.0
3586,56525.0
3587,22292.0
3588,17427.0
3589,76328.0
3590,90678.0
3591,31680.0
3592,58946.0
3593,76844.0
3594,81694.0
3595,15460.0
3596,59116.0
3597,66156.0
3598,49004.0
3599,110724.0
3600,28045.0
3601,30234.0
3602,67706.0
3603,62515.0
3604,67917.0
3605,112565.0
3606,32495.0
3607,54255.0
3608,102809.0
3609,34232.0
3610,49662.0
3611,60065.0
3612,30505.0
3613,91254.0
3614,45035.0
3615,61829.0
3616,45594.0
3617,65624.0
3618,117435.0
3619,170701.0
3620,81709.0
3621,56397.0
3622,31347.0
3623,17685.0
3624,24429.0
3625,87329.0
3626,44939.0
3627,78572.0
3628,28727.0
3629,126636.0
3630,72830.0
3631,139590.0
3632,115780.0
3633,70715.0
3634,46029.0
3635,42393.0
3636,68376.0
3637,66991.0
3638,45725.0
3639,37965.0
3640,88196.0
3641,100813.0
3642,38628.0
3643,81071.0
3644,76934.0
3645,20089.0
3646,21912.0
3647,63252.0
3648,78706.0
3649,115915.0
3650,38389.0
3651,120938.0
3652,96308.0
3653,88036.0
3654,53739.0
3655,46571.0
3656,59945.0
3657,69190.0
3658,28890.0
3659,65003.0
3660,61530.0
3661,22642.0
3662,15987.0
3663,41361.0
3664,59420.0
3665,25472.0
3666,60675.0
3667,68005.0
3668,21813.0
3669,169355.0
3670,56868.0
3671,75808.0
3672,38218.0
3673,94140.0
3674,103645.0
3675,135117.0
3676,21706.0
3677,148654.0
3678,42558.0
3679,29265.0
3680,36118.0
3681,21264.0
3682,63273.0
3683,78810.0
3684,60088.0
3685,94520.0
3686,79412.0
3687,97690.0
3688,81922.0
3689,146862.0
3690,126790.0
3691,128235.0
3692,199366.0
3693,64801.0
3694,83062.0
3695,29713.0
3696,20241.0
3697,43135.0
3698,45943.0
3699,120416.0
3700,61629.0
3701,16568.0
3702,75688.0
3703,37719.0
3704,57839.0
3705,65057.0
3706,52931.0
3707,140580.0
3708,99884.0
3709,201787.0
3710,82459.0
3711,13193.0
3712,31588.0
3713,29430.0
3714,24894.0
3715,922.0
3716,38500.0
3717,126816.0
3718,156632.0
3719,32612.0
3720,66067.0
3721,127041.0
3722,85886.0
3723,112050.0
3724,51877.0
3725,75950.0
3726,78536.0
3727,13046.0
3728,72909.0
3729,97565.0
3730,82345.0
3731,54764.0
3732,43919.0
3733,56748.0
3734,13856.0
3735,25891.0
3736,54339.0
3737,47175.0
3738,49394.0
3739,47087.0
3740,84573.0
3741,24132.0
3742,58188.0
3743,70075.0
3744,33554.0
3745,150838.0
3746,57636.0
3747,28832.0
3748,28145.0
3749,36318.0
3750,49359.0
3751,123763.0
3752,41545.0
3753,74888.0
3754,10188.0
3755,66713.0
3756,96858.0
3757,58604.0
3758,24871.0
3759,37359.0
3760,27000.0
3761,39095.0
3762,66678.0
3763,48724.0
3764,65740.0
3765,122807.0
3766,120092.0
3767,33520.0
3768,44708.0
3769,28385.0
3770,28179.0
3771,138682.0
3772,44761.0
3773,24662.0
3774,17144.0
3775,36981.0
3776,66184.0
3777,45558.0
3778,83984.0
3779,50583.0
3780,26605.0
3781,91231.0
3782,47460.0
3783,81708.0
3784,80572.0
3785,14110.0
3786,29491.0
3787,3457.0
3788,36344.0
3789,123738.0
3790,39426.0
3791,37508.0
3792,28602.0
3793,23806.0
3794,33502.0
3795,68681.0
3796,15489.0
3797,93725.0
3798,131294.0
3799,65106.0
3800,98551.0
3801,27924.0
3802,30808.0
3803,19867.0
3804,42059.0
3805,35221.0
3806,63433.0
3807,163267.0
3808,49310.0
3809,69780.0
3810,78986.0
3811,20094.0
3812,32852.0
3813,83148.0
3814,16892.0
3815,65263.0
3816,115516.0
3817,23806.0
3818,70401.0
3819,58706.0
3820,54653.0
3821,88662.0
3822,30771.0
3823,103260.0
3824,45307.0
3825,74677.0
3826,52134.0
3827,71258.0
3828,72564.0
3829,58840.0
3830,57213.0
3831,134470.0
3832,46195.0
3833,71717.0
3834,122354.0
3835,53321.0
3836,131166.0
3837,47818.0
3838,99107.0
3839,126261.0
3840,68011.0
3841,23973.0
3842,60160.0
3843,35471.0
3844,83243.0
3845,39395.0
3846,48827.0
3847,61950.0
3848,107829.0
3849,51980.0
3850,89447.0
3851,102629.0
3852,50693.0
3853,70509.0
3854,48383.0
3855,51912.0
3856,71313.0
3857,115022.0
3858,54071.0
3859,142881.0
3860,46668.0
3861,46160.0
3862,40222.0
3863,58578.0
3864,62594.0
3865,50991.0
3866,81678.0
3867,49281.0
3868,94135.0
3869,80507.0
3870,64385.0
3871,164182.0
3872,86046.0
3873,69647.0
3874,70659.0
3875,82584.0
3876,76866.0
3877,146275.0
3878,37388.0
3879,69354.0
3880,78222.0
3881,111676.0
3882,120529.0
3883,70445.0
3884,121829.0
3885,71531.0
3886,85843.0
3887,80567.0
3888,39197.0
3889,59827.0
3890,48151.0
3891,118494.0
3892,51165.0
3893,52780.0
3894,79323.0
3895,31272.0
3896,43871.0
3897,33705.0
3898,26969.0
3899,50566.0
3900,69670.0
3901,89695.0
3902,68775.0
3903,31700.0
3904,108519.0
3905,33457.0
3906,96738.0
3907,28506.0
3908,89975.0
3909,78769.0
3910,25471.0
3911,108177.0
3912,39674.0
3913,57257.0
3914,79008.0
3915,170450.0
3916,80150.0
3917,115100.0
3918,54990.0
3919,57361.0
3920,86802.0
3921,85698.0
3922,46323.0
3923,90632.0
3924,124622.0
3925,154111.0
3926,40811.0
3927,61072.0
3928,61431.0
3929,44594.0
3930,53293.0
3931,118686.0
3932,219321.0
3933,93229.0
3934,88265.0
3935,112847.0
3936,112017.0
3937,66064.0
3938,55618.0
3939,29676.0
3940,146743.0
3941,34549.0
3942,46378.0
3943,67787.0
3944,44774.0
3945,120460.0
3946,112604.0
3947,67759.0
3948,94176.0
3949,25404.0
3950,29735.0
3951,127736.0
3952,46475.0
3953,23565.0
3954,31034.0
3955,22878.0
3956,261510.0
3957,103322.0
3958,21403.0
3959,56481.0
3960,202238.0
3961,32826.0
3962,132725.0
3963,67636.0
3964,170835.0
3965,37617.0
3966,39757.0
3967,33245.0
3968,39273.0
3969,61919.0
3970,147566.0
3971,102923.0
3972,52249.0
3973,80215.0
3974,39675.0
3975,54218.0
3976,101957.0
3977,60627.0
3978,215268.0
3979,78140.0
3980,50666.0
3981,195720.0
3982,135400.0
3983,60478.0
3984,93012.0
3985,85609.0
3986,75787.0
3987,74817.0
3988,187817.0
3989,61108.0
3990,55735.0
3991,98816.0
3992,200829.0
3993,242405.0
3994,119057.0
3995,84397.0
3996,133785.0
3997,163938.0
3998,78368.0
3999,32889.0
4000,267057.0
4001,54823.0
4002,241571.0
4003,151126.0
4004,71948.0
4005,39523.0
4006,109685.0
4007,345466.0
4008,102601.0
4009,189810.0
4010,183547.0
4011,59811.0
4012,64326.0
4013,97971.0
4014,63537.0
4015,59451.0
4016,66574.0
4017,86639.0
4018,551289.0
4019,88238.0
4020,46430.0
4021,103754.0
4022,32152.0
4023,57885.0
4024,29025.0
4025,192135.0
4026,39349.0
4027,58946.0
4028,98059.0
4029,52955.0
4030,109072.0
4031,48350.0
4032,42268.0
4033,124790.0
4034,42141.0
4035,78859.0
4036,85698.0
4037,30846.0
4038,102198.0
4039,50613.0
4040,33492.0
4041,127326.0
4042,54858.0
4043,27702.0
4044,44898.0
4045,75770.0
4046,26911.0
4047,85615.0
4048,174012.0
4049,115892.0
4050,175094.0
4051,92020.0
4052,159307.0
4053,101951.0
4054,155687.0
4055,103902.0
4056,47565.0
4057,58024.0
4058,78692.0
4059,143594.0
4060,80479.0
4061,35100.0
4062,77120.0
4063,159057.0
4064,282266.0
4065,166310.0
4066,30872.0
4067,166523.0
4068,93936.0
4069,52193.0
4070,74998.0
4071,80719.0
4072,67657.0
4073,37022.0
4074,59181.0
4075,99032.0
4076,64419.0
4077,75362.0
4078,37084.0
4079,38521.0
4080,81892.0
4081,140741.0
4082,62539.0
4083,101148.0
4084,47687.0
4085,50973.0
4086,193187.0
4087,21453.0
4088,162881.0
4089,61118.0
4090,119263.0
4091,187780.0
4092,155722.0
4093,94665.0
4094,375288.0
4095,86325.0
4096,308000.0
4097,80915.0
4098,142158.0
4099,167018.0
4100,354361.0
4101,78801.0
4102,140044.0
4103,44529.0
4104,45056.0
4105,111456.0
4106,19653.0
4107,18030.0
4108,143235.0
4109,42054.0
4110,124343.0
4111,62975.0
4112,63954.0
4113,21157.0
4114,193088.0
4115,40906.0
4116,54701.0
4117,31470.0
4118,64865.0
4119,35062.0
4120,19724.0
4121,69963.0
4122,59617.0
4123,148185.0
4124,99561.0
4125,82826.0
4126,109300.0
4127,199046.0
4128,35140.0
4129,151992.0
4130,31274.0
4131,49990.0
4132,61495.0
4133,90823.0
4134,69107.0
4135,192352.0
4136,63373.0
4137,90776.0
4138,74895.0
4139,116308.0
4140,127597.0
4141,72956.0
4142,70351.0
4143,24821.0
4144,145900.0
4145,63953.0
4146,39278.0
4147,80442.0
4148,74518.0
4149,89785.0
4150,80346.0
4151,64866.0
4152,79513.0
4153,82505.0
4154,232315.0
4155,77382.0
4156,100654.0
4157,117961.0
4158,90143.0
4159,111583.0
4160,425732.0
4161,370997.0
4162,357668.0
4163,117968.0
4164,105440.0
4165,33305.0
4166,35614.0
4167,24255.0
4168,78161.0
4169,96444.0
4170,40287.0
4171,64856.0
4172,27991.0
4173,48137.0
4174,118538.0
4175,68142.0
4176,140421.0
4177,3787.0
4178,109400.0
4179,69802.0
4180,75214.0
4181,20484.0
4182,106606.0
4183,87309.0
4184,161640.0
4185,45165.0
4186,35580.0
4187,67820.0
4188,68613.0
4189,162434.0
4190,43400.0
4191,52943.0
4192,77487.0
4193,100678.0
4194,50092.0
4195,86738.0
4196,68593.0
4197,69816.0
4198,44890.0
4199,44584.0
4200,55672.0
4201,33224.0
4202,37754.0
4203,58814.0
4204,176876.0
4205,49217.0
4206,36428.0
4207,36647.0
4208,66447.0
4209,83436.0
4210,255956.0
4211,43380.0
4212,66996.0
4213,69490.0
4214,69638.0
4215,76489.0
4216,19192.0
4217,42628.0
4218,91985.0
4219,89130.0
4220,49094.0
4221,58649.0
4222,42680.0
4223,42681.0
4224,76485.0
4225,46587.0
4226,42575.0
4227,366763.0
4228,80232.0
4229,55983.0
4230,19629.0
4231,62717.0
4232,26779.0
4233,57111.0
4234,95916.0
4235,38740.0
4236,26433.0
4237,308276.0
4238,90826.0
4239,184147.0
4240,102336.0
4241,149418.0
4242,56751.0
4243,270886.0
4244,289997.0
4245,63493.0
4246,69544.0
4247,323953.0
4248,60055.0
4249,38864.0
4250,87428.0
4251,95503.0
4252,77503.0
4253,221034.0
4254,206950.0
4255,41382.0
4256,52845.0
4257,172411.0
4258,93266.0
4259,38633.0
4260,63525.0
4261,126531.0
4262,66390.0
4263,42176.0
4264,60533.0
4265,209991.0
4266,100982.0
4267,71869.0
4268,62850.0
4269,50660.0
4270,42449.0
4271,41441.0
4272,54460.0
4273,143439.0
4274,38237.0
4275,83509.0
4276,104497.0
4277,142404.0
4278,140231.0
4279,213924.0
4280,164146.0
4281,133075.0
4282,63446.0
4283,477098.0
4284,19874.0
4285,52685.0
4286,54476.0
4287,46720.0
4288,128291.0
4289,31169.0
4290,70342.0
4291,50403.0
4292,134792.0
4293,109412.0
4294,47971.0
4295,35653.0
4296,91936.0
4297,71238.0
4298,135547.0
4299,51499.0
4300,53678.0
4301,70114.0
4302,189721.0
4303,75226.0
4304,94116.0
4305,70597.0
4306,149810.0
4307,224210.0
4308,51928.0
4309,102778.0
4310,134319.0
4311,118233.0
4312,112505.0
4313,51171.0
4314,36789.0
4315,62079.0
4316,140147.0
4317,70042.0
4318,269079.0
4319,318927.0
4320,287969.0
4321,55867.0
4322,24539.0
4323,58158.0
4324,86317.0
4325,93211.0
4326,129032.0
4327,89032.0
4328,208719.0
4329,79063.0
4330,74051.0
4331,30548.0
4332,86923.0
4333,79981.0
4334,83406.0
4335,121716.0
4336,55096.0
4337,200857.0
4338,131992.0
4339,24698.0
4340,66160.0
4341,34212.0
4342,84547.0
4343,67547.0
4344,132986.0
4345,151686.0
4346,37319.0
4347,139793.0
4348,57341.0
4349,86979.0
4350,44059.0
4351,36394.0
4352,57416.0
4353,146790.0
4354,41147.0
4355,90468.0
4356,76661.0
4357,122319.0
4358,90137.0
4359,29046.0
4360,35815.0
4361,35526.0
4362,216671.0
4363,58133.0
4364,85881.0
4365,161510.0
4366,44232.0
4367,214862.0
4368,69941.0
4369,64425.0
4370,17928.0
4371,131623.0
4372,28560.0
4373,133111.0
4374,220617.0
4375,70095.0
4376,54288.0
4377,139090.0
4378,59401.0
4379,105143.0
4380,58511.0
4381,76577.0
4382,140218.0
4383,216214.0
4384,294841.0
4385,111058.0
4386,121948.0
4387,37892.0
4388,113029.0
4389,171012.0
4390,61892.0
4391,106064.0
4392,30677.0
4393,53974.0
4394,44491.0
4395,305717.0
4396,162437.0
4397,157032.0
4398,52544.0
4399,86678.0
4400,37280.0
4401,43776.0
4402,33408.0
4403,163792.0
4404,92318.0
4405,301377.0
4406,50534.0
4407,21859.0
4408,73275.0
4409,195492.0
4410,142994.0
4411,58169.0
4412,194889.0
4413,75185.0
4414,55003.0
4415,56749.0
4416,99629.0
4417,76485.0
4418,49288.0
4419,60112.0
4420,72373.0
4421,104391.0
4422,64564.0
4423,69443.0
4424,58710.0
4425,26609.0
4426,62577.0
4427,60324.0
4428,50534.0
4429,73254.0
4430,60183.0
4431,59925.0
4432,72171.0
4433,75991.0
4434,9883.0
4435,28727.0
4436,17073.0
4437,58934.0
4438,12782.0
4439,65664.0
4440,49561.0
4441,42211.0
4442,41256.0
4443,25731.0
4444,136023.0
4445,78086.0
4446,72344.0
4447,26191.0
4448,63722.0
4449,84045.0
4450,78795.0
4451,14651.0
4452,29083.0
4453,101343.0
4454,22940.0
4455,63970.0
4456,66065.0
4457,59105.0
4458,11005.0
4459,61954.0
4460,18533.0
4461,41513.0
4462,75503.0
4463,42969.0
4464,46820.0
4465,80424.0
4466,82501.0
4467,47520.0
4468,20452.0
4469,20879.0
4470,88815.0
4471,10263.0
4472,75291.0
4473,38316.0
4474,33422.0
4475,53187.0
4476,100636.0
4477,83821.0
4478,60933.0
4479,7230.0
4480,104872.0
4481,79739.0
4482,97989.0
4483,4536.0
4484,92720.0
4485,79158.0
4486,93651.0
4487,74311.0
4488,41111.0
4489,71485.0
4490,83504.0
4491,17713.0
4492,88982.0
4493,30791.0
4494,105345.0
4495,32035.0
4496,31135.0
4497,53909.0
4498,70305.0
4499,61703.0
4500,68182.0
4501,40747.0
4502,68865.0
4503,33022.0
4504,81679.0
4505,50723.0
4506,63957.0
4507,62282.0
4508,91451.0
4509,75174.0
4510,29502.0
4511,173531.0
4512,63223.0
4513,79530.0
4514,38285.0
4515,76364.0
4516,152347.0
4517,101856.0
4518,18055.0
4519,52054.0
4520,8386.0
4521,26106.0
4522,7775.0
4523,105621.0
4524,47917.0
4525,59332.0
4526,66956.0
4527,80056.0
4528,31802.0
4529,17760.0
4530,87058.0
4531,56716.0
4532,88894.0
4533,84427.0
4534,76006.0
4535,10116.0
4536,68999.0
4537,5258.0
4538,23414.0
4539,62514.0
4540,40488.0
4541,78433.0
4542,15486.0
4543,45865.0
4544,110241.0
4545,14779.0
4546,24370.0
4547,76218.0
4548,35393.0
4549,70755.0
4550,91361.0
4551,91702.0
4552,63594.0
4553,45683.0
4554,75659.0
4555,101038.0
4556,74902.0
4557,20771.0
4558,3015.0
4559,73423.0
4560,110350.0
4561,84845.0
4562,93990.0
4563,22822.0
4564,75218.0
4565,52376.0
4566,63913.0
4567,98034.0
4568,114139.0
4569,76203.0
4570,40274.0
4571,78542.0
4572,38150.0
4573,27455.0
4574,31894.0
4575,22453.0
4576,37801.0
4577,87747.0
4578,10136.0
4579,39522.0
4580,11968.0
4581,82468.0
4582,53528.0
4583,46971.0
4584,46257.0
4585,30529.0
4586,12091.0
4587,76360.0
4588,82378.0
4589,64500.0
4590,96521.0
4591,52601.0
4592,53640.0
4593,63439.0
4594,35473.0
4595,55095.0
4596,67819.0
4597,61131.0
4598,32017.0
4599,62685.0
4600,45837.0
4601,66629.0
4602,90544.0
4603,43241.0
4604,37063.0
4605,92777.0
4606,65306.0
4607,46470.0
4608,78683.0
4609,106565.0
4610,94862.0
4611,75662.0
4612,33079.0
4613,77464.0
4614,85138.0
4615,64651.0
4616,11848.0
4617,55392.0
4618,18846.0
4619,21039.0
4620,97284.0
4621,66382.0
4622,33074.0
4623,100476.0
4624,92863.0
4625,70862.0
4626,23645.0
4627,79400.0
4628,112362.0
4629,45871.0
4630,25736.0
4631,70057.0
4632,79322.0
4633,61278.0
4634,85474.0
4635,138981.0
4636,13083.0
4637,18252.0
4638,69084.0
4639,62411.0
4640,46676.0
4641,68230.0
4642,79509.0
4643,39067.0
4644,61374.0
4645,53649.0
4646,76160.0
4647,76130.0
4648,72050.0
4649,38996.0
4650,67507.0
4651,77872.0
4652,97330.0
4653,101514.0
4654,91961.0
4655,65802.0
4656,76917.0
4657,63323.0
4658,71979.0
4659,46219.0
4660,42123.0
4661,11102.0
4662,106319.0
4663,16908.0
4664,54609.0
4665,46558.0
4666,113999.0
4667,124519.0
4668,30659.0
4669,53335.0
4670,45679.0
4671,49626.0
4672,116901.0
4673,67107.0
4674,25451.0
4675,49407.0
4676,58137.0
4677,56292.0
4678,28431.0
4679,124611.0
4680,38033.0
4681,89558.0
4682,77972.0
4683,70055.0
4684,32887.0
4685,65221.0
4686,54814.0
4687,96740.0
4688,55307.0
4689,57842.0
4690,115907.0
4691,124531.0
4692,43430.0
4693,46735.0
4694,31402.0
4695,28346.0
4696,39460.0
4697,40322.0
4698,64550.0
4699,88067.0
4700,125657.0
4701,52706.0
4702,57561.0
4703,30123.0
4704,22760.0
4705,64048.0
4706,99668.0
4707,36299.0
4708,32158.0
4709,75306.0
4710,34291.0
4711,104609.0
4712,74570.0
4713,30731.0
4714,48438.0
4715,47862.0
4716,60198.0
4717,108267.0
4718,316704.0
4719,108056.0
4720,42199.0
4721,51828.0
4722,64050.0
4723,42350.0
4724,55959.0
4725,131693.0
4726,120096.0
4727,11989.0
4728,146282.0
4729,51233.0
4730,80833.0
4731,112342.0
4732,26284.0
4733,39024.0
4734,94478.0
4735,125845.0
4736,128114.0
4737,10263.0
4738,61188.0
4739,35380.0
4740,49722.0
4741,129062.0
4742,44651.0
4743,57005.0
4744,140297.0
4745,72511.0
4746,41379.0
4747,43807.0
4748,23213.0
4749,32665.0
4750,33703.0
4751,83814.0
4752,78327.0
4753,54264.0
4754,80044.0
4755,58585.0
4756,24243.0
4757,62569.0
4758,95046.0
4759,26652.0
4760,27101.0
4761,84038.0
4762,43471.0
4763,37254.0
4764,43381.0
4765,38174.0
4766,22609.0
4767,54766.0
4768,95541.0
4769,107382.0
4770,222236.0
4771,113181.0
4772,22730.0
4773,13406.0
4774,100814.0
4775,60026.0
4776,62496.0
4777,168426.0
4778,125937.0
4779,31126.0
4780,123357.0
4781,119174.0
4782,34122.0
4783,46427.0
4784,13758.0
4785,122730.0
4786,21306.0
4787,40637.0
4788,98582.0
4789,139396.0
4790,72704.0
4791,68249.0
4792,109020.0
4793,41475.0
4794,28861.0
4795,39963.0
4796,82420.0
4797,121137.0
4798,94693.0
4799,95313.0
4800,72023.0
4801,124649.0
4802,113864.0
4803,102019.0
4804,60546.0
4805,67007.0
4806,120258.0
4807,104854.0
4808,68775.0
4809,28712.0
4810,50433.0
4811,125385.0
4812,33715.0
4813,22308.0
4814,94237.0
4815,121687.0
4816,136330.0
4817,129198.0
4818,131655.0
4819,56622.0
4820,35851.0
4821,83887.0
4822,126086.0
4823,30207.0
4824,51245.0
4825,131008.0
4826,79619.0
4827,50302.0
4828,23661.0
4829,31589.0
4830,20572.0
4831,39869.0
4832,89328.0
4833,76459.0
4834,27520.0
4835,102109.0
4836,48567.0
4837,54411.0
4838,117605.0
4839,112205.0
4840,63318.0
4841,34975.0
4842,97263.0
4843,123302.0
4844,199567.0
4845,97426.0
4846,52554.0
4847,56810.0
4848,125713.0
4849,81879.0
4850,80325.0
4851,34898.0
4852,91491.0
4853,21377.0
4854,167149.0
4855,86894.0
4856,44634.0
4857,57451.0
4858,37823.0
4859,92873.0
4860,36563.0
4861,47696.0
4862,50551.0
4863,40837.0
4864,57556.0
4865,51808.0
4866,87716.0
4867,20853.0
4868,42535.0
4869,38120.0
4870,113101.0
4871,64870.0
4872,476098.0
4873,102885.0
4874,136420.0
4875,27458.0
4876,70744.0
4877,59749.0
4878,69349.0
4879,58668.0
4880,107738.0
4881,63806.0
4882,43062.0
4883,81446.0
4884,60693.0
4885,91420.0
4886,84663.0
4887,80630.0
4888,52065.0
4889,91209.0
4890,78837.0
4891,72147.0
4892,153507.0
4893,48999.0
4894,215386.0
4895,115098.0
4896,70656.0
4897,82748.0
4898,79091.0
4899,59579.0
4900,56175.0
4901,80129.0
4902,176135.0
4903,45023.0
4904,124251.0
4905,87086.0
4906,38611.0
4907,42067.0
4908,109582.0
4909,20309.0
4910,53334.0
4911,81917.0
4912,61103.0
4913,86112.0
4914,71252.0
4915,23516.0
4916,46093.0
4917,3252.0
4918,41013.0
4919,89705.0
4920,81416.0
4921,93775.0
4922,69149.0
4923,91077.0
4924,44708.0
4925,79865.0
4926,59812.0
4927,131597.0
4928,79547.0
4929,106940.0
4930,81190.0
4931,92336.0
4932,104158.0
4933,120041.0
4934,58284.0
4935,97761.0
4936,80408.0
4937,86106.0
4938,47055.0
4939,57948.0
4940,84986.0
4941,32409.0
4942,110212.0
4943,41539.0
4944,92643.0
4945,44008.0
4946,56683.0
4947,73907.0
4948,115070.0
4949,35201.0
4950,36762.0
4951,40696.0
4952,145901.0
4953,21163.0
4954,200873.0
4955,149878.0
4956,65084.0
4957,132033.0
4958,62003.0
4959,98115.0
4960,68885.0
4961,149247.0
4962,124489.0
4963,95902.0
4964,40934.0
4965,82336.0
4966,127989.0
4967,158659.0
4968,45621.0
4969,49189.0
4970,176518.0
4971,3628.0
4972,153704.0
4973,53223.0
4974,17303.0
4975,126927.0
4976,144082.0
4977,148454.0
4978,64196.0
4979,146316.0
4980,42928.0
4981,70449.0
4982,80286.0
4983,82061.0
4984,59465.0
4985,16124.0
4986,84701.0
4987,72441.0
4988,92189.0
4989,98168.0
4990,32369.0
4991,170362.0
4992,60450.0
4993,219919.0
4994,26392.0
4995,87547.0
4996,83541.0
4997,51690.0
4998,290835.0
4999,78974.0
